{"duration": 15.013994216918945, "samples": 714, "avg_latency": 0.020983119304774523, "avg_sample_rate": 47.65735663393282}