{"duration": 22.625646114349365, "samples": 1076, "avg_latency": 0.020961813102424367, "avg_sample_rate": 47.70579697060383}