{"duration": 51.67955183982849, "samples": 5155, "avg_latency": 0.00997442449908252, "avg_sample_rate": 100.256410792621}