{"duration": 8.88887095451355, "samples": 422, "avg_latency": 0.02100107342146019, "avg_sample_rate": 47.61661368119109}