{"duration": 21.838083744049072, "samples": 1039, "avg_latency": 0.02096102992655338, "avg_sample_rate": 47.70757942257419}