{"duration": 23.63957905769348, "samples": 1125, "avg_latency": 0.020969470977783202, "avg_sample_rate": 47.68837521268338}